Company_CSR,avg_sentiment,sentiment_sq,e_score,s_score,g_score,total_score,post_count
boston scientific,0.1265950276575276,0.016026301027610174,3.16,18.0,11.83,32.98,1.0
boston scientific,0.1265950276575276,0.016026301027610174,2.83,12.86,10.32,26.02,1.0
extra space storage,0.1088495265805048,0.011848219436800022,3.81,4.28,5.86,13.94,1.0
archer daniels midland,,,16.38,14.2,5.9,36.36,
archer daniels midland,,,15.89,13.51,5.38,34.78,
archer daniels midland,,,15.91,13.49,4.85,34.25,
best buy,0.1766102236891752,0.0311911711115405,2.11,5.2,4.6,11.92,17.0
apple inc.,0.1014268582156227,0.01028740756749203,0.55,13.58,10.47,24.32,15.0
apple inc.,0.1014268582156227,0.01028740756749203,0.18,7.69,8.86,16.72,15.0
apple inc.,0.1014268582156227,0.01028740756749203,0.65,6.86,8.95,16.45,15.0
apple inc.,0.1014268582156227,0.01028740756749203,0.46,7.39,9.37,17.22,15.0
arch capital group,,,1.9,10.12,13.95,25.98,
arch capital group,,,2.02,10.58,13.62,26.22,
arch capital group,,,2.01,7.78,13.17,22.96,
adobe inc.,0.0938789308263286,0.00881325365309459,0.47,7.97,5.23,13.87,6.0
adobe inc.,0.0938789308263286,0.00881325365309459,0.45,8.06,5.05,13.54,6.0
adobe inc.,0.0938789308263286,0.00881325365309459,0.48,5.65,4.74,10.88,6.0
adobe inc.,0.0938789308263286,0.00881325365309459,1.42,5.84,4.64,11.9,6.0
autodesk,0.0866131209648255,0.0075018327232674945,1.27,12.97,5.63,19.73,5.0
autodesk,0.0866131209648255,0.0075018327232674945,1.28,12.77,5.46,19.52,5.0
autodesk,0.0866131209648255,0.0075018327232674945,1.37,9.22,4.78,15.36,5.0
autodesk,0.0866131209648255,0.0075018327232674945,2.73,8.53,4.6,15.86,5.0
akamai technologies,0.0385078219013236,0.0014828523475840572,1.91,11.8,7.34,21.05,1.0
akamai technologies,0.0385078219013236,0.0014828523475840572,1.98,11.51,7.62,21.11,1.0
akamai technologies,0.0385078219013236,0.0014828523475840572,1.93,10.35,7.45,19.73,1.0
akamai technologies,0.0385078219013236,0.0014828523475840572,2.96,7.0,6.82,16.78,1.0
amgen,0.0991836474064527,0.009837395912847532,0.03,16.38,7.07,23.41,2.0
amgen,0.0991836474064527,0.009837395912847532,0.03,14.73,6.76,21.51,2.0
amgen,0.0991836474064527,0.009837395912847532,0.03,13.18,6.5,19.71,2.0
amazon,0.1190624029142319,0.014175855787710896,6.66,15.55,11.0,33.69,52.0
amazon,0.1190624029142319,0.014175855787710896,5.74,13.46,10.8,30.0,52.0
amazon,0.1190624029142319,0.014175855787710896,5.44,12.93,9.73,28.09,52.0
amazon,0.1190624029142319,0.014175855787710896,5.71,14.62,9.86,30.18,52.0
nasdaq,0.0820548095971824,0.006732991778029856,0.75,9.96,5.22,15.93,1.0
nasdaq,0.0820548095971824,0.006732991778029856,0.94,9.46,4.99,15.4,1.0
nasdaq,0.0820548095971824,0.006732991778029856,1.13,8.96,4.88,14.98,1.0
nasdaq,0.0820548095971824,0.006732991778029856,0.86,7.32,4.93,13.12,1.0
apa corporation,,,21.98,8.88,7.96,38.81,
broadcom,0.1056208885410007,0.011155772096190493,8.99,8.39,8.71,26.09,13.0
broadcom,0.1056208885410007,0.011155772096190493,8.96,8.66,7.9,25.52,13.0
biogen,0.1316203405697679,0.01732391405170169,0.04,14.99,8.49,23.52,10.0
biogen,0.1316203405697679,0.01732391405170169,0.03,15.3,8.03,23.36,10.0
biogen,0.1316203405697679,0.01732391405170169,0.02,14.65,7.54,22.2,10.0
biogen,0.1316203405697679,0.01732391405170169,0.02,13.07,7.82,20.91,10.0
booking holdings,0.0707003800905373,0.0049985437449464425,4.37,9.5,6.23,20.31,4.0
booking holdings,0.0707003800905373,0.0049985437449464425,3.88,9.4,6.15,19.43,4.0
booking holdings,0.0707003800905373,0.0049985437449464425,3.88,9.68,6.31,19.87,4.0
cboe global markets,,,2.97,9.24,9.43,21.64,
cboe global markets,,,2.57,7.19,8.98,18.69,
cboe global markets,,,2.85,7.43,9.19,19.47,
cadence design systems,,,1.37,10.9,5.97,18.72,
cadence design systems,,,1.16,10.51,5.51,17.18,
cadence design systems,,,1.14,9.85,5.27,16.26,
c.h. robinson,0.1413083820730097,0.019968058844091686,6.51,12.91,6.55,26.0,2.0
c.h. robinson,0.1413083820730097,0.019968058844091686,6.44,13.0,6.45,25.89,2.0
c.h. robinson,0.1413083820730097,0.019968058844091686,5.83,12.36,6.28,24.48,2.0
c.h. robinson,0.1413083820730097,0.019968058844091686,4.89,9.42,5.63,19.94,2.0
cincinnati financial,,,1.71,9.14,15.89,26.7,
cincinnati financial,,,1.71,9.42,15.3,26.42,
cincinnati financial,,,1.78,9.11,14.53,25.41,
cincinnati financial,,,1.83,9.42,13.47,24.72,
comcast,0.1022459082832298,0.01045422576066264,1.22,9.3,8.93,19.43,16.0
comcast,0.1022459082832298,0.01045422576066264,1.22,9.3,9.09,19.61,16.0
comcast,0.1022459082832298,0.01045422576066264,1.89,9.86,8.77,20.51,16.0
comcast,0.1022459082832298,0.01045422576066264,4.56,12.11,8.07,24.74,16.0
cme group,0.1051791851770478,0.011062660994507712,2.79,7.46,6.79,17.03,7.0
cme group,0.1051791851770478,0.011062660994507712,2.68,7.32,6.47,16.46,7.0
cme group,0.1051791851770478,0.011062660994507712,1.95,6.55,6.05,14.56,7.0
cme group,0.1051791851770478,0.011062660994507712,2.13,6.21,6.24,14.59,7.0
copart,,,2.45,11.3,5.92,19.67,
cisco,0.1405102565786136,0.019743132203787827,0.6,6.58,6.85,14.08,19.0
cisco,0.1405102565786136,0.019743132203787827,0.57,6.18,6.27,13.02,19.0
cisco,0.1405102565786136,0.019743132203787827,0.44,5.84,6.07,12.35,19.0
costar group,,,5.42,13.12,8.12,26.65,
costar group,,,5.16,11.23,8.04,24.42,
csx corporation,,,7.04,12.36,3.19,22.57,
csx corporation,,,6.64,12.37,3.49,22.5,
csx corporation,,,5.49,9.3,3.61,18.41,
csx corporation,,,7.45,9.19,3.55,20.2,
cintas,0.061237765683442,0.003750063945900146,5.48,12.45,7.48,25.41,1.0
cintas,0.061237765683442,0.003750063945900146,5.09,11.31,7.3,23.7,1.0
cintas,0.061237765683442,0.003750063945900146,4.1,9.46,6.99,20.54,1.0
cognizant,0.1819806971656461,0.033116974140894595,1.03,11.23,8.17,20.42,3.0
cognizant,0.1819806971656461,0.033116974140894595,1.06,12.22,7.44,20.71,3.0
cognizant,0.1819806971656461,0.033116974140894595,1.11,9.5,5.74,16.35,3.0
dollar tree,0.0448028346328784,0.0020072939911410484,3.86,9.85,5.87,19.57,2.0
dollar tree,0.0448028346328784,0.0020072939911410484,3.4,8.54,5.82,17.76,2.0
dollar tree,0.0448028346328784,0.0020072939911410484,3.4,7.41,4.27,15.08,2.0
dollar tree,0.0448028346328784,0.0020072939911410484,3.34,10.09,4.04,17.47,2.0
dexcom,0.13379476773658,0.01790103987368539,6.46,22.43,12.99,41.91,2.0
dexcom,0.13379476773658,0.01790103987368539,6.2,17.79,10.64,34.64,2.0
dexcom,0.13379476773658,0.01790103987368539,5.93,13.04,8.23,27.21,2.0
dexcom,0.13379476773658,0.01790103987368539,5.57,11.43,8.28,25.28,2.0
ebay inc.,0.103135228932282,0.010636875446914218,1.69,11.13,7.32,20.17,4.0
ebay inc.,0.103135228932282,0.010636875446914218,1.69,11.41,7.72,20.81,4.0
ebay inc.,0.103135228932282,0.010636875446914218,1.34,10.79,7.54,19.67,4.0
ebay inc.,0.103135228932282,0.010636875446914218,0.93,9.33,6.71,16.98,4.0
equinix,0.1372790885667391,0.018845548157714595,4.96,5.26,4.9,15.5,4.0
equinix,0.1372790885667391,0.018845548157714595,5.42,5.24,5.49,16.16,4.0
equinix,0.1372790885667391,0.018845548157714595,4.52,5.48,5.49,15.5,4.0
expeditors international,,,4.07,9.2,5.14,18.68,
expeditors international,,,4.01,9.9,5.03,18.94,
expeditors international,,,4.05,9.23,4.84,18.13,
expeditors international,,,3.83,7.31,4.96,16.1,
fastenal,0.1292353000285878,0.016701762773479106,10.69,8.66,7.05,26.4,4.0
"f5, inc.",,,1.21,11.87,5.34,18.42,
"f5, inc.",,,1.26,12.49,5.47,19.23,
fifth third bancorp,,,2.23,13.03,11.34,26.6,
fifth third bancorp,,,2.22,12.98,11.02,26.22,
fifth third bancorp,,,2.02,12.22,10.22,24.46,
fifth third bancorp,,,1.39,8.2,9.15,18.73,
fortinet,0.0822073970468648,0.006758056129220876,1.33,13.57,6.17,21.07,10.0
fortinet,0.0822073970468648,0.006758056129220876,1.23,12.19,5.75,19.17,10.0
garmin,0.1173007582112691,0.013759467876938616,4.93,9.16,5.98,20.0,5.0
garmin,0.1173007582112691,0.013759467876938616,5.52,9.66,5.68,20.86,5.0
garmin,0.1173007582112691,0.013759467876938616,5.87,8.84,4.79,19.5,5.0
hologic,,,4.63,19.88,10.84,35.38,
hologic,,,4.58,17.32,11.61,33.5,
hologic,,,4.45,14.28,11.78,30.51,
henry schein,0.1622636512517465,0.02632949251754841,3.52,4.97,6.0,14.36,1.0
henry schein,0.1622636512517465,0.02632949251754841,3.65,5.68,5.68,15.01,1.0
henry schein,0.1622636512517465,0.02632949251754841,3.19,5.66,5.64,14.5,1.0
henry schein,0.1622636512517465,0.02632949251754841,2.14,5.59,5.76,13.48,1.0
idexx laboratories,0.1161502782931354,0.013490887147572801,5.43,18.37,11.57,35.44,1.0
idexx laboratories,0.1161502782931354,0.013490887147572801,5.43,11.82,12.3,29.56,1.0
idexx laboratories,0.1161502782931354,0.013490887147572801,4.7,9.11,11.45,25.27,1.0
idexx laboratories,0.1161502782931354,0.013490887147572801,3.6,7.12,9.96,20.69,1.0
nasdaq,0.0820548095971824,0.006732991778029856,1.3,4.95,6.87,13.12,1.0
nasdaq,0.0820548095971824,0.006732991778029856,1.22,3.6,6.42,11.24,1.0
nasdaq,0.0820548095971824,0.006732991778029856,1.19,3.73,6.29,11.21,1.0
incyte,,,0.11,18.26,7.64,26.01,
incyte,,,1.0,16.45,6.99,24.45,
intel,0.149101087978683,0.022231134436426964,4.91,5.01,6.93,16.84,27.0
intel,0.149101087978683,0.022231134436426964,4.33,5.14,6.57,16.05,27.0
intel,0.149101087978683,0.022231134436426964,3.84,6.03,6.48,16.36,27.0
intuit,0.1087640570170165,0.011829620098800816,1.08,10.9,5.69,17.58,31.0
intuit,0.1087640570170165,0.011829620098800816,1.12,10.83,5.67,17.62,31.0
intuit,0.1087640570170165,0.011829620098800816,1.11,9.98,5.62,16.7,31.0
intuitive surgical,0.1217709643189918,0.014828167751177174,5.23,16.27,11.12,32.62,6.0
intuitive surgical,0.1217709643189918,0.014828167751177174,4.97,14.08,10.77,29.82,6.0
intuitive surgical,0.1217709643189918,0.014828167751177174,4.57,11.17,10.03,25.76,6.0
intuitive surgical,0.1217709643189918,0.014828167751177174,3.65,9.58,7.84,21.07,6.0
j.b. hunt,0.1803030303030303,0.032509182736455464,6.32,8.44,6.25,21.02,1.0
j.b. hunt,0.1803030303030303,0.032509182736455464,4.14,5.63,5.37,15.14,1.0
j.b. hunt,0.1803030303030303,0.032509182736455464,3.0,6.01,5.32,14.32,1.0
jack henry & associates,,,0.18,11.52,7.2,18.89,
jack henry & associates,,,0.93,9.54,5.23,15.7,
nasdaq,0.0820548095971824,0.006732991778029856,0.39,8.35,7.75,16.2,1.0
nasdaq,0.0820548095971824,0.006732991778029856,0.38,9.27,6.52,16.17,1.0
nasdaq,0.0820548095971824,0.006732991778029856,1.66,8.35,6.77,16.79,1.0
kraft heinz,0.0923272322535684,0.00852431781560436,16.46,19.06,6.35,40.59,11.0
kraft heinz,0.0923272322535684,0.00852431781560436,11.94,14.12,6.27,32.32,11.0
kraft heinz,0.0923272322535684,0.00852431781560436,12.89,14.33,6.77,33.99,11.0
kraft heinz,0.0923272322535684,0.00852431781560436,13.95,14.4,6.71,35.06,11.0
kla corporation,,,6.31,7.51,6.46,20.44,
kla corporation,,,6.13,7.2,6.33,19.83,
kla corporation,,,6.47,6.9,6.16,19.54,
kla corporation,,,6.84,6.73,5.96,19.52,
lkq corporation,,,4.57,5.4,4.0,13.98,
lkq corporation,,,4.58,5.41,3.81,13.8,
lkq corporation,,,4.08,4.97,3.81,12.87,
lam research,0.0833242191293532,0.00694292549351647,4.18,5.65,6.49,16.31,9.0
lam research,0.0833242191293532,0.00694292549351647,4.52,5.81,6.44,16.76,9.0
lam research,0.0833242191293532,0.00694292549351647,4.94,5.05,5.56,15.56,9.0
lam research,0.0833242191293532,0.00694292549351647,4.7,4.15,5.22,14.07,9.0
lululemon athletica,0.0522817097831007,0.002733377177844367,1.12,6.41,6.07,13.6,6.0
microchip technology,0.1040785672004355,0.010832348150495568,17.12,9.74,8.52,35.3,13.0
microchip technology,0.1040785672004355,0.010832348150495568,16.04,9.44,8.64,34.12,13.0
microchip technology,0.1040785672004355,0.010832348150495568,15.07,9.32,8.64,33.03,13.0
mondelez international,0.0820866758740533,0.0067382223560518845,8.99,10.2,5.8,25.07,2.0
mondelez international,0.0820866758740533,0.0067382223560518845,9.67,10.8,5.72,26.18,2.0
mondelez international,0.0820866758740533,0.0067382223560518845,7.52,10.62,5.16,23.29,2.0
microsoft,0.1238999865491423,0.015351206666877644,0.45,9.71,5.23,15.45,43.0
microsoft,0.1238999865491423,0.015351206666877644,0.46,9.57,5.14,15.17,43.0
microsoft,0.1238999865491423,0.015351206666877644,0.46,9.11,4.85,14.42,43.0
microsoft,0.1238999865491423,0.015351206666877644,0.82,8.17,5.1,14.08,43.0
norwegian cruise line holdings,0.1092970722853535,0.011945850010149788,12.47,11.12,3.9,27.67,1.0
norwegian cruise line holdings,0.1092970722853535,0.011945850010149788,12.63,10.98,3.93,27.54,1.0
norwegian cruise line holdings,0.1092970722853535,0.011945850010149788,12.54,10.97,4.47,27.99,1.0
norwegian cruise line holdings,0.1092970722853535,0.011945850010149788,11.98,10.12,4.51,26.61,1.0
"nasdaq, inc.",0.0820548095971824,0.006732991778029856,2.38,7.95,7.84,18.15,1.0
"nasdaq, inc.",0.0820548095971824,0.006732991778029856,2.16,7.4,7.3,16.87,1.0
"nasdaq, inc.",0.0820548095971824,0.006732991778029856,1.59,6.3,6.41,14.3,1.0
"nasdaq, inc.",0.0820548095971824,0.006732991778029856,1.81,4.56,5.56,11.93,1.0
nordson corporation,,,9.55,13.34,5.65,28.53,
nordson corporation,,,9.45,12.51,5.6,27.56,
netapp,0.1149523492877725,0.01321404260677805,2.77,9.51,6.76,18.63,2.0
netapp,0.1149523492877725,0.01321404260677805,2.77,8.15,6.19,17.11,2.0
netapp,0.1149523492877725,0.01321404260677805,2.61,7.2,6.05,15.87,2.0
northern trust,0.1155024771524771,0.013340822228358496,2.54,13.74,11.39,27.78,1.0
northern trust,0.1155024771524771,0.013340822228358496,2.54,13.0,11.11,27.05,1.0
northern trust,0.1155024771524771,0.013340822228358496,2.24,12.34,10.83,25.41,1.0
nvidia,0.0809357898214313,0.006550602074018903,1.91,4.66,6.85,13.49,28.0
nvidia,0.0809357898214313,0.006550602074018903,2.12,4.26,6.64,13.02,28.0
nvidia,0.0809357898214313,0.006550602074018903,2.37,4.14,6.63,13.15,28.0
nvidia,0.0809357898214313,0.006550602074018903,2.44,4.46,6.1,13.0,28.0
nxp semiconductors,0.0962160460394982,0.009257527515474836,9.26,7.02,7.84,24.15,8.0
nxp semiconductors,0.0962160460394982,0.009257527515474836,9.02,6.97,7.37,23.36,8.0
nxp semiconductors,0.0962160460394982,0.009257527515474836,7.86,6.61,5.07,19.54,8.0
nxp semiconductors,0.0962160460394982,0.009257527515474836,8.51,7.13,5.39,21.02,8.0
paychex,0.0661100249349116,0.004370535396894633,0.15,10.92,6.91,18.78,3.0
paychex,0.0661100249349116,0.004370535396894633,0.11,9.2,6.84,16.16,3.0
paychex,0.0661100249349116,0.004370535396894633,0.32,9.32,6.6,16.25,3.0
paccar,,,8.31,14.87,9.1,32.28,
principal financial group,,,1.81,9.21,10.99,21.86,
principal financial group,,,1.94,8.55,11.9,22.39,
principal financial group,,,2.11,7.55,10.84,20.5,
ptc inc.,,,1.81,15.51,6.7,24.04,
ptc inc.,,,1.64,13.55,6.72,22.21,
ptc inc.,,,1.26,12.1,5.91,19.26,
paypal,0.1106087062350782,0.012234285894997825,0.09,11.64,7.87,19.52,20.0
paypal,0.1106087062350782,0.012234285894997825,0.09,11.4,7.21,18.69,20.0
paypal,0.1106087062350782,0.012234285894997825,0.22,10.8,6.44,17.45,20.0
qualcomm,0.1182782998504854,0.013989756215521332,1.93,6.44,10.73,18.91,20.0
qualcomm,0.1182782998504854,0.013989756215521332,3.51,6.16,10.31,19.97,20.0
qualcomm,0.1182782998504854,0.013989756215521332,6.37,3.49,9.18,19.04,20.0
qualcomm,0.1182782998504854,0.013989756215521332,5.45,4.29,7.81,17.55,20.0
nasdaq,0.0820548095971824,0.006732991778029856,19.64,9.0,7.69,36.33,1.0
nasdaq,0.0820548095971824,0.006732991778029856,15.96,8.91,7.23,32.1,1.0
nasdaq,0.0820548095971824,0.006732991778029856,14.11,8.64,7.41,30.15,1.0
nasdaq,0.0820548095971824,0.006732991778029856,12.72,8.5,7.58,28.8,1.0
regeneron pharmaceuticals,0.1195071119307198,0.014281949802021592,0.06,16.69,8.1,24.85,4.0
regeneron pharmaceuticals,0.1195071119307198,0.014281949802021592,0.03,15.28,7.98,23.3,4.0
regeneron pharmaceuticals,0.1195071119307198,0.014281949802021592,0.01,13.76,7.54,21.32,4.0
sba communications,,,2.46,8.39,7.36,18.11,
sba communications,,,2.36,7.76,7.2,17.32,
sba communications,,,2.78,7.05,6.44,16.27,
starbucks,0.1060442889607397,0.01124539122118886,3.15,12.99,5.11,21.23,30.0
starbucks,0.1060442889607397,0.01124539122118886,3.18,13.03,4.95,21.15,30.0
starbucks,0.1060442889607397,0.01124539122118886,2.87,13.53,4.57,20.98,30.0
starbucks,0.1060442889607397,0.01124539122118886,6.11,14.41,4.24,24.78,30.0
synopsys,0.1072026583498542,0.011492409957275563,1.18,13.05,5.81,19.85,8.0
synopsys,0.1072026583498542,0.011492409957275563,1.18,12.11,5.45,18.74,8.0
synopsys,0.1072026583498542,0.011492409957275563,1.1,9.07,4.3,14.46,8.0
synopsys,0.1072026583498542,0.011492409957275563,2.49,7.16,4.12,13.76,8.0
steel dynamics,0.1302900637426216,0.016975500710056397,15.5,13.09,7.33,35.96,3.0
steel dynamics,0.1302900637426216,0.016975500710056397,14.24,13.62,7.24,35.3,3.0
steel dynamics,0.1302900637426216,0.016975500710056397,13.41,14.22,6.74,34.37,3.0
seagate technology,0.1408075247722693,0.01982675903249323,1.61,8.11,5.84,15.55,3.0
seagate technology,0.1408075247722693,0.01982675903249323,1.59,7.88,5.81,15.27,3.0
seagate technology,0.1408075247722693,0.01982675903249323,1.59,3.8,5.21,10.6,3.0
skyworks solutions,0.1139238649617286,0.012978647007818173,15.39,8.99,8.81,33.01,2.0
skyworks solutions,0.1139238649617286,0.012978647007818173,14.59,9.09,8.46,32.14,2.0
skyworks solutions,0.1139238649617286,0.012978647007818173,15.26,9.51,8.36,33.12,2.0
skyworks solutions,0.1139238649617286,0.012978647007818173,13.82,9.32,8.2,31.34,2.0
t-mobile us,0.1331528670302841,0.017729685998384516,4.8,13.6,7.59,25.99,3.0
t-mobile us,0.1331528670302841,0.017729685998384516,4.27,14.36,7.72,26.35,3.0
t-mobile us,0.1331528670302841,0.017729685998384516,3.49,13.38,7.47,24.33,3.0
trimble inc.,0.2596119929453263,0.06739838688104414,2.34,5.42,4.65,12.91,1.0
trimble inc.,0.2596119929453263,0.06739838688104414,1.99,4.68,5.27,11.93,1.0
trimble inc.,0.2596119929453263,0.06739838688104414,2.79,4.25,5.26,12.3,1.0
t. rowe price,0.0590499707320195,0.0034868990434523597,2.84,12.56,9.01,24.03,5.0
t. rowe price,0.0590499707320195,0.0034868990434523597,2.85,12.34,8.84,23.72,5.0
t. rowe price,0.0590499707320195,0.0034868990434523597,2.96,11.72,8.64,23.32,5.0
t. rowe price,0.0590499707320195,0.0034868990434523597,2.14,11.76,6.36,20.25,5.0
"tesla, inc.",0.0835097651926708,0.00697388088253501,2.8,17.62,10.38,31.03,15.0
"tesla, inc.",0.0835097651926708,0.00697388088253501,2.77,17.34,11.12,31.22,15.0
"tesla, inc.",0.0835097651926708,0.00697388088253501,2.87,17.31,10.86,31.04,15.0
texas instruments,0.167381907212235,0.02801670286200525,6.77,5.0,7.25,18.97,10.0
texas instruments,0.167381907212235,0.02801670286200525,6.59,5.22,6.33,18.14,10.0
texas instruments,0.167381907212235,0.02801670286200525,6.97,5.38,5.8,18.14,10.0
texas instruments,0.167381907212235,0.02801670286200525,8.81,5.03,6.32,20.16,10.0
verisk analytics,,,0.11,15.0,6.73,22.01,
verisk analytics,,,0.11,14.58,6.74,21.43,
verisk analytics,,,0.11,14.69,6.46,21.25,
vertex pharmaceuticals,0.0865082558704479,0.007483678333746884,0.16,18.09,7.9,26.16,2.0
vertex pharmaceuticals,0.0865082558704479,0.007483678333746884,0.16,18.04,7.85,26.08,2.0
vertex pharmaceuticals,0.0865082558704479,0.007483678333746884,0.15,17.22,7.5,24.88,2.0
vertex pharmaceuticals,0.0865082558704479,0.007483678333746884,0.52,15.88,7.41,23.82,2.0
nasdaq,0.0820548095971824,0.006732991778029856,2.63,10.04,4.5,17.49,1.0
nasdaq,0.0820548095971824,0.006732991778029856,2.38,10.59,4.51,17.48,1.0
nasdaq,0.0820548095971824,0.006732991778029856,1.89,11.04,4.67,17.6,1.0
nasdaq,0.0820548095971824,0.006732991778029856,2.1,11.52,4.73,18.35,1.0
western digital,0.0953770459017539,0.00909678088494527,3.16,9.26,7.09,19.65,7.0
western digital,0.0953770459017539,0.00909678088494527,3.01,7.75,7.39,18.25,7.0
western digital,0.0953770459017539,0.00909678088494527,2.53,4.39,5.69,12.61,7.0
western digital,0.0953770459017539,0.00909678088494527,2.01,4.07,5.62,11.7,7.0
wynn resorts,0.1247043258830672,0.015551168893950222,3.6,13.9,10.58,28.07,8.0
wynn resorts,0.1247043258830672,0.015551168893950222,3.61,11.88,11.4,26.89,8.0
wynn resorts,0.1247043258830672,0.015551168893950222,3.78,11.69,11.54,27.0,8.0
wynn resorts,0.1247043258830672,0.015551168893950222,3.55,11.98,10.94,26.47,8.0
abbvie,0.1106341690794218,0.012239919367894092,1.03,17.06,11.66,30.63,11.0
abbvie,0.1106341690794218,0.012239919367894092,0.96,17.05,12.54,30.56,11.0
abbvie,0.1106341690794218,0.012239919367894092,0.65,17.0,11.08,28.73,11.0
abbott laboratories,,,3.71,15.31,11.96,30.84,
abbott laboratories,,,3.36,15.86,11.11,30.34,
abbott laboratories,,,3.02,15.68,10.4,29.1,
accenture,0.0652315288423644,0.004255152355112218,0.92,8.62,5.8,15.16,8.0
accenture,0.0652315288423644,0.004255152355112218,0.97,8.13,5.86,15.1,8.0
accenture,0.0652315288423644,0.004255152355112218,0.96,8.1,6.19,15.26,8.0
accenture,0.0652315288423644,0.004255152355112218,0.76,6.58,5.98,13.32,8.0
automatic data processing,0.163407365060189,0.026701966955913873,0.08,9.82,6.32,16.34,2.0
automatic data processing,0.163407365060189,0.026701966955913873,0.07,8.36,6.52,14.63,2.0
automatic data processing,0.163407365060189,0.026701966955913873,0.07,7.55,6.0,13.63,2.0
automatic data processing,0.163407365060189,0.026701966955913873,0.27,7.09,5.54,12.9,2.0
ameren,,,18.26,12.17,6.6,37.02,
ameren,,,15.2,8.37,5.62,29.18,
american electric power,0.0868397745571658,0.00754114644513938,17.84,9.38,5.56,32.76,1.0
american electric power,0.0868397745571658,0.00754114644513938,19.5,9.83,5.28,34.61,1.0
american electric power,0.0868397745571658,0.00754114644513938,16.17,7.29,5.52,28.97,1.0
american electric power,0.0868397745571658,0.00754114644513938,12.66,8.1,5.38,26.14,1.0
aflac,,,2.05,8.23,13.59,23.87,
aflac,,,2.38,7.88,13.01,23.27,
aflac,,,0.47,7.26,9.57,17.3,
american international group,0.0451275861900862,0.0020364990353436588,1.86,11.58,16.31,29.62,2.0
american international group,0.0451275861900862,0.0020364990353436588,1.9,12.79,15.84,30.54,2.0
american international group,0.0451275861900862,0.0020364990353436588,1.94,12.46,14.88,29.29,2.0
assurant,0.1317879540620151,0.017368064835851803,1.36,11.17,13.48,26.01,36.0
assurant,0.1317879540620151,0.017368064835851803,1.34,10.54,13.14,25.01,36.0
arthur j. gallagher & co.,,,0.12,11.03,13.26,23.46,
arthur j. gallagher & co.,,,0.12,11.04,13.46,23.99,
arthur j. gallagher & co.,,,0.14,11.14,13.56,24.86,
albemarle corporation,,,17.64,8.71,8.43,35.3,
albemarle corporation,,,19.39,8.91,8.7,36.99,
albemarle corporation,,,19.09,8.97,8.77,36.83,
ameriprise financial,0.0838318848745296,0.007027784921616384,2.3,12.19,13.25,27.75,2.0
ameriprise financial,0.0838318848745296,0.007027784921616384,2.4,10.04,12.73,25.17,2.0
ameriprise financial,0.0838318848745296,0.007027784921616384,2.72,7.43,12.47,22.62,2.0
ameriprise financial,0.0838318848745296,0.007027784921616384,2.33,7.52,11.58,21.44,2.0
american tower,0.0806567359013347,0.006505509046257653,5.81,6.68,5.63,18.12,6.0
american tower,0.0806567359013347,0.006505509046257653,5.81,6.68,5.6,18.09,6.0
american tower,0.0806567359013347,0.006505509046257653,3.73,3.78,4.9,12.42,6.0
american tower,0.0806567359013347,0.006505509046257653,2.41,3.48,5.01,10.89,6.0
a. o. smith,,,13.6,4.11,7.25,24.83,
a. o. smith,,,10.21,13.15,7.72,31.07,
a. o. smith,,,7.12,11.35,6.39,24.87,
air products,0.3124470899470899,0.0976231840164049,6.28,1.68,3.67,11.64,2.0
air products,0.3124470899470899,0.0976231840164049,6.05,1.46,3.65,11.17,2.0
air products,0.3124470899470899,0.0976231840164049,5.94,1.28,3.59,10.81,2.0
air products,0.3124470899470899,0.0976231840164049,7.42,1.5,3.35,12.26,2.0
aptiv,0.1289580918353909,0.01663018944982511,4.12,7.54,7.65,19.3,5.0
aptiv,0.1289580918353909,0.01663018944982511,3.97,6.38,6.82,17.17,5.0
aptiv,0.1289580918353909,0.01663018944982511,3.77,4.71,5.33,13.81,5.0
atmos energy,0.0581605596784168,0.0033826507021066823,15.9,15.4,7.04,38.35,1.0
atmos energy,0.0581605596784168,0.0033826507021066823,14.34,14.54,6.65,35.54,1.0
atmos energy,0.0581605596784168,0.0033826507021066823,13.42,13.09,6.75,33.26,1.0
atmos energy,0.0581605596784168,0.0033826507021066823,14.15,13.05,6.58,33.79,1.0
avalonbay communities,,,3.57,3.6,5.96,13.0,
avalonbay communities,,,3.54,3.69,5.62,12.81,
avalonbay communities,,,3.51,3.55,5.35,12.42,
avery dennison,,,13.3,1.58,4.38,19.25,
avery dennison,,,12.78,1.76,4.22,18.74,
avery dennison,,,12.19,1.93,4.0,18.12,
american water works,0.1161502782931354,0.013490887147572801,11.17,9.76,5.66,26.6,1.0
american water works,0.1161502782931354,0.013490887147572801,11.97,9.92,5.98,27.93,1.0
american water works,0.1161502782931354,0.013490887147572801,12.78,10.06,6.24,29.14,1.0
american water works,0.1161502782931354,0.013490887147572801,13.23,9.74,5.5,28.48,1.0
american express,0.1004068567423143,0.010081536880871626,0.07,13.13,10.19,23.25,12.0
american express,0.1004068567423143,0.010081536880871626,0.06,11.74,9.87,21.68,12.0
american express,0.1004068567423143,0.010081536880871626,0.05,10.17,9.41,19.62,12.0
agilent technologies,0.1878235771812756,0.03527769614517059,0.88,9.48,7.19,17.6,8.0
agilent technologies,0.1878235771812756,0.03527769614517059,0.87,9.42,6.86,17.14,8.0
agilent technologies,0.1878235771812756,0.03527769614517059,0.87,9.44,6.29,16.6,8.0
baxter international,,,2.5,17.47,8.88,28.56,
baxter international,,,2.56,16.84,9.05,28.45,
baxter international,,,2.51,15.96,9.22,27.7,
nyse,,,2.55,8.35,5.18,16.08,
becton dickinson,,,3.45,16.51,11.25,31.84,
becton dickinson,,,3.4,18.48,11.17,33.05,
becton dickinson,,,3.41,18.26,10.64,32.31,
becton dickinson,,,3.55,16.17,9.57,29.3,
bny mellon,0.0684137325007744,0.004680438794687515,2.38,12.18,10.22,24.81,2.0
bny mellon,0.0684137325007744,0.004680438794687515,2.21,10.69,10.32,23.22,2.0
bny mellon,0.0684137325007744,0.004680438794687515,1.99,9.46,10.7,22.15,2.0
bristol myers squibb,0.1220626471014331,0.014899289817408993,1.52,14.37,9.69,26.01,9.0
bristol myers squibb,0.1220626471014331,0.014899289817408993,1.53,17.05,10.24,28.38,9.0
bristol myers squibb,0.1220626471014331,0.014899289817408993,1.37,15.77,10.98,28.1,9.0
bristol myers squibb,0.1220626471014331,0.014899289817408993,0.03,15.2,7.5,22.73,9.0
nyse,,,5.57,10.83,7.98,24.62,
nyse,,,5.4,10.84,7.54,23.78,
nyse,,,4.94,9.54,7.21,21.69,
"bxp, inc.",,,3.87,5.15,5.62,14.63,
"bxp, inc.",,,3.82,5.09,5.37,14.28,
"bxp, inc.",,,3.7,5.03,5.08,13.81,
conagra brands,0.1091628321602811,0.0119165239252537,9.76,14.03,5.85,29.63,2.0
conagra brands,0.1091628321602811,0.0119165239252537,9.87,15.3,5.66,30.83,2.0
conagra brands,0.1091628321602811,0.0119165239252537,10.97,16.37,4.95,32.29,2.0
conagra brands,0.1091628321602811,0.0119165239252537,11.7,16.4,4.77,32.87,2.0
cardinal health,0.1518425102093443,0.023056147906674828,1.91,8.93,5.53,16.37,3.0
cardinal health,0.1518425102093443,0.023056147906674828,2.29,8.2,5.13,15.62,3.0
cardinal health,0.1518425102093443,0.023056147906674828,2.45,5.37,4.51,12.33,3.0
cbre group,,,0.98,2.77,3.62,7.39,
cbre group,,,1.66,2.74,3.58,7.98,
cbre group,,,2.13,2.7,3.51,8.33,
cbre group,,,1.27,2.48,3.24,6.99,
chubb limited,,,1.53,10.32,11.48,23.37,
chubb limited,,,1.57,10.72,11.43,23.73,
chubb limited,,,1.62,11.28,10.88,23.78,
chubb limited,,,1.65,11.68,10.67,24.01,
carnival,0.0884343666626316,0.007820637207020769,8.3,8.16,3.64,20.08,13.0
carnival,0.0884343666626316,0.007820637207020769,8.49,9.0,3.72,21.2,13.0
carnival,0.0884343666626316,0.007820637207020769,9.18,9.46,3.85,22.48,13.0
carnival,0.0884343666626316,0.007820637207020769,10.21,9.77,3.82,23.8,13.0
citizens financial group,0.0619930789375233,0.0038431418361539954,2.02,14.57,11.93,29.1,1.0
citizens financial group,0.0619930789375233,0.0038431418361539954,1.79,14.04,11.75,27.57,1.0
citizens financial group,0.0619930789375233,0.0038431418361539954,1.87,12.49,11.16,25.51,1.0
church & dwight,0.0427839055625655,0.001830462575186523,8.57,8.62,8.51,25.57,2.0
church & dwight,0.0427839055625655,0.001830462575186523,8.76,8.62,7.96,25.34,2.0
church & dwight,0.0427839055625655,0.001830462575186523,7.37,8.22,7.14,22.74,2.0
church & dwight,0.0427839055625655,0.001830462575186523,6.53,6.53,6.59,19.66,2.0
nyse,,,2.1,11.32,12.22,25.91,
nyse,,,2.05,11.94,12.66,26.65,
nyse,,,1.69,13.13,12.11,26.93,
chipotle mexican grill,0.1130137485746146,0.012772107366886205,5.37,14.5,5.51,26.54,7.0
chipotle mexican grill,0.1130137485746146,0.012772107366886205,4.02,14.73,6.04,24.79,7.0
chipotle mexican grill,0.1130137485746146,0.012772107366886205,3.97,14.63,5.68,24.28,7.0
cummins,0.1080208142382706,0.011668496308698966,3.32,9.11,6.37,18.76,7.0
cummins,0.1080208142382706,0.011668496308698966,3.45,9.01,6.29,18.75,7.0
cummins,0.1080208142382706,0.011668496308698966,4.14,8.04,5.97,18.14,7.0
cms energy,,,14.98,8.88,5.05,28.77,
cms energy,,,13.52,9.07,5.35,27.94,
cms energy,,,12.78,8.22,5.33,26.33,
cms energy,,,9.8,5.78,5.52,21.1,
centene corporation,,,0.14,15.86,6.68,22.68,
centene corporation,,,0.11,14.13,7.27,21.52,
centene corporation,,,0.09,13.28,6.86,20.25,
centerpoint energy,,,14.48,12.9,7.56,35.24,
centerpoint energy,,,13.81,11.66,6.1,31.57,
centerpoint energy,,,17.79,11.9,5.85,35.53,
capital one,0.1147849780086731,0.013175591176451567,0.06,12.15,9.6,23.7,3.0
capital one,0.1147849780086731,0.013175591176451567,0.06,13.33,10.25,24.61,3.0
capital one,0.1147849780086731,0.013175591176451567,0.06,13.46,9.66,23.18,3.0
cooper companies (the),,,3.1,11.59,7.32,22.01,
cooper companies (the),,,3.1,10.71,7.0,20.82,
cooper companies (the),,,2.83,10.75,6.44,20.03,
conocophillips,0.0864323734893099,0.007470555186995562,17.2,8.5,8.41,34.35,6.0
conocophillips,0.0864323734893099,0.007470555186995562,15.53,7.84,6.63,30.0,6.0
conocophillips,0.0864323734893099,0.007470555186995562,18.68,9.83,7.03,35.53,6.0
conocophillips,0.0864323734893099,0.007470555186995562,17.45,9.71,7.73,34.88,6.0
campbell's company (the),,,8.97,9.71,5.43,24.12,
campbell's company (the),,,9.15,8.86,5.17,23.18,
campbell's company (the),,,9.4,7.82,4.78,22.0,
camden property trust,,,5.93,6.62,7.12,19.82,
camden property trust,,,5.79,6.56,7.48,19.9,
camden property trust,,,5.25,5.62,7.36,18.24,
camden property trust,,,5.14,4.82,6.44,16.4,
coterra,0.0107175925925926,0.00011486679098079576,23.42,14.01,9.07,46.51,1.0
chevron corporation,0.0529328110161443,0.002801882482070847,20.27,11.7,10.64,42.56,2.0
chevron corporation,0.0529328110161443,0.002801882482070847,18.87,11.81,10.1,40.78,2.0
chevron corporation,0.0529328110161443,0.002801882482070847,19.06,11.46,10.0,40.51,2.0
chevron corporation,0.0529328110161443,0.002801882482070847,21.15,10.07,10.06,41.28,2.0
quest diagnostics,,,0.14,10.7,8.46,19.16,
quest diagnostics,,,0.14,10.34,8.44,18.92,
quest diagnostics,,,0.12,10.08,8.6,18.8,
quest diagnostics,,,0.13,12.67,8.1,20.9,
d. r. horton,0.0686556664948537,0.004713600541852578,9.34,7.01,6.03,22.39,3.0
danaher corporation,,,4.63,18.23,9.86,32.72,
danaher corporation,,,3.35,14.81,8.57,26.74,
danaher corporation,,,1.37,8.23,6.13,15.73,
digital realty,0.1272004284003634,0.01617994898523598,4.17,5.92,7.88,17.91,5.0
digital realty,0.1272004284003634,0.01617994898523598,3.41,5.38,5.54,14.33,5.0
digital realty,0.1272004284003634,0.01617994898523598,3.37,5.07,5.52,13.95,5.0
digital realty,0.1272004284003634,0.01617994898523598,3.23,3.7,6.1,13.02,5.0
domino's,0.0779238751485042,0.00607213031815967,6.08,14.48,6.98,27.52,17.0
domino's,0.0779238751485042,0.00607213031815967,5.22,14.79,6.66,26.67,17.0
domino's,0.0779238751485042,0.00607213031815967,7.72,16.68,6.81,31.21,17.0
duke energy,0.1043312688107741,0.010885013651666005,16.23,10.56,7.19,33.99,4.0
duke energy,0.1043312688107741,0.010885013651666005,15.8,11.37,6.36,33.54,4.0
duke energy,0.1043312688107741,0.010885013651666005,15.39,10.4,5.44,31.24,4.0
duke energy,0.1043312688107741,0.010885013651666005,14.49,8.57,4.59,27.66,4.0
devon energy,0.1440134099616858,0.02073986224879258,17.33,11.07,6.25,34.52,1.0
devon energy,0.1440134099616858,0.02073986224879258,17.26,9.92,6.62,33.79,1.0
devon energy,0.1440134099616858,0.02073986224879258,16.85,8.61,7.56,33.01,1.0
ecolab,0.0348787878787878,0.001216529843893475,14.41,10.3,7.48,32.17,2.0
ecolab,0.0348787878787878,0.001216529843893475,13.32,9.8,7.06,30.19,2.0
ecolab,0.0348787878787878,0.001216529843893475,10.33,8.6,6.54,25.47,2.0
ecolab,0.0348787878787878,0.001216529843893475,9.48,8.44,6.17,24.09,2.0
edison international,0.1237965116696461,0.015325576301572823,19.08,12.0,7.86,38.87,1.0
edison international,0.1237965116696461,0.015325576301572823,13.66,12.21,6.8,32.67,1.0
edison international,0.1237965116696461,0.015325576301572823,11.07,11.59,5.97,28.65,1.0
edison international,0.1237965116696461,0.015325576301572823,10.64,10.99,5.86,27.49,1.0
nyse,,,13.15,6.61,7.94,27.65,
nyse,,,12.4,6.24,7.56,26.19,
nyse,,,11.82,5.45,7.24,24.51,
nyse,,,12.41,5.64,6.9,24.94,
eog resources,0.0662802303911754,0.00439306894070729,23.89,12.77,8.05,44.78,3.0
eog resources,0.0662802303911754,0.00439306894070729,24.84,12.6,8.26,45.71,3.0
eog resources,0.0662802303911754,0.00439306894070729,19.63,11.04,8.24,38.91,3.0
equity residential,0.1584222222222222,0.02509760049382715,4.47,5.43,6.16,16.0,1.0
equity residential,0.1584222222222222,0.02509760049382715,4.56,5.21,5.76,15.52,1.0
equity residential,0.1584222222222222,0.02509760049382715,4.41,4.02,4.91,13.34,1.0
equity residential,0.1584222222222222,0.02509760049382715,2.91,3.0,5.14,11.05,1.0
eqt corporation,,,19.95,9.03,9.42,40.3,
eqt corporation,,,21.64,8.35,7.53,37.52,
eqt corporation,,,21.03,10.0,8.21,39.24,
eaton corporation,0.1198822588822588,0.01437175599471292,4.66,7.04,6.03,17.84,1.0
eaton corporation,0.1198822588822588,0.01437175599471292,5.02,6.59,5.63,17.24,1.0
eaton corporation,0.1198822588822588,0.01437175599471292,5.0,6.45,5.68,17.12,1.0
eaton corporation,0.1198822588822588,0.01437175599471292,5.2,6.72,5.69,17.6,1.0
freeport-mcmoran,0.0854838177029433,0.007307483089070043,20.58,11.87,6.85,39.97,3.0
freeport-mcmoran,0.0854838177029433,0.007307483089070043,20.69,12.42,6.75,39.87,3.0
freeport-mcmoran,0.0854838177029433,0.007307483089070043,18.17,11.86,5.53,35.56,3.0
freeport-mcmoran,0.0854838177029433,0.007307483089070043,17.21,10.28,5.37,32.87,3.0
fedex,0.0931029675164002,0.00866816256035987,5.87,9.29,6.11,21.26,22.0
fedex,0.0931029675164002,0.00866816256035987,5.18,10.01,6.0,21.19,22.0
fedex,0.0931029675164002,0.00866816256035987,5.29,9.32,5.84,20.45,22.0
fedex,0.0931029675164002,0.00866816256035987,5.66,8.42,5.61,19.68,22.0
fidelity national information services,0.1201987539791964,0.014447740458151382,0.34,11.57,6.61,18.51,6.0
fidelity national information services,0.1201987539791964,0.014447740458151382,1.27,11.14,5.73,18.13,6.0
nyse,,,16.53,12.54,6.91,36.22,
nyse,,,18.34,12.95,6.97,38.26,
nyse,,,17.86,13.54,7.31,38.71,
nyse,,,17.03,10.57,7.39,34.99,
federal realty investment trust,,,4.1,5.8,7.12,16.98,
federal realty investment trust,,,3.72,4.9,6.94,15.56,
federal realty investment trust,,,2.24,4.44,6.08,12.75,
fortive,0.0995821638678781,0.009916607360608927,10.5,14.79,7.15,32.39,1.0
fortive,0.0995821638678781,0.009916607360608927,10.01,14.6,6.96,31.56,1.0
fortive,0.0995821638678781,0.009916607360608927,15.52,14.16,5.63,35.32,1.0
corning inc.,,,7.91,5.2,6.89,20.0,
corning inc.,,,7.3,5.24,6.87,19.42,
genuine parts company,,,4.25,5.85,3.41,13.37,
genuine parts company,,,3.71,5.14,3.9,12.75,
genuine parts company,,,3.61,5.22,3.78,12.6,
genuine parts company,,,4.14,5.2,3.79,13.14,
global payments,0.1134279389077629,0.012865897324863193,0.18,14.04,7.57,21.85,7.0
global payments,0.1134279389077629,0.012865897324863193,0.18,13.52,7.87,21.58,7.0
global payments,0.1134279389077629,0.012865897324863193,0.38,10.96,7.31,18.64,7.0
global payments,0.1134279389077629,0.012865897324863193,1.31,10.92,6.95,19.18,7.0
w. w. grainger,0.39,0.1521,1.41,5.85,6.75,13.88,2.0
w. w. grainger,0.39,0.1521,1.39,5.25,6.38,13.02,2.0
w. w. grainger,0.39,0.1521,3.21,5.57,6.05,14.83,2.0
w. w. grainger,0.39,0.1521,3.41,5.48,5.72,14.6,2.0
huntington bancshares,,,2.53,12.71,9.53,24.55,
huntington bancshares,,,2.48,11.43,8.8,22.72,
huntington bancshares,,,2.05,11.31,7.85,21.22,
huntington bancshares,,,1.96,10.54,7.79,20.28,
hartford (the),,,1.45,8.58,10.93,20.73,
hartford (the),,,1.48,8.58,10.51,20.56,
hartford (the),,,1.65,7.42,9.6,18.67,
hartford (the),,,1.5,6.22,8.58,16.31,
hilton worldwide,0.1083480245778279,0.011739294429917599,8.63,8.48,4.05,21.16,4.0
hilton worldwide,0.1083480245778279,0.011739294429917599,8.22,8.24,3.87,20.33,4.0
hilton worldwide,0.1083480245778279,0.011739294429917599,8.04,8.13,3.61,19.78,4.0
hormel foods,0.1119338023088023,0.012529176099306035,10.56,12.32,5.12,27.96,1.0
hormel foods,0.1119338023088023,0.012529176099306035,10.02,11.23,4.98,26.24,1.0
hormel foods,0.1119338023088023,0.012529176099306035,10.73,10.32,5.04,26.1,1.0
host hotels & resorts,,,4.02,4.74,5.52,14.28,
host hotels & resorts,,,3.97,5.15,5.42,14.55,
host hotels & resorts,,,3.74,5.73,4.91,14.37,
hershey company (the),,,9.14,10.87,5.92,25.95,
hershey company (the),,,8.67,11.18,5.95,25.8,
hershey company (the),,,9.72,10.32,5.29,25.34,
ibm,0.1127869126578382,0.012720887666886824,0.42,9.77,7.35,17.62,32.0
ibm,0.1127869126578382,0.012720887666886824,0.41,9.96,7.25,17.6,32.0
ibm,0.1127869126578382,0.012720887666886824,0.42,9.4,7.43,17.24,32.0
ibm,0.1127869126578382,0.012720887666886824,0.47,6.67,7.64,14.77,32.0
idex corporation,,,10.08,15.9,8.04,33.97,
idex corporation,,,10.67,15.4,7.66,33.74,
idex corporation,,,8.1,13.0,5.95,27.05,
interpublic group of companies (the),,,0.05,9.99,6.06,16.15,
interpublic group of companies (the),,,0.05,10.0,5.96,16.02,
interpublic group of companies (the),,,0.05,9.69,5.98,15.73,
iqvia,0.0600418236971967,0.003605020592885251,1.77,15.29,8.33,25.48,5.0
iqvia,0.0600418236971967,0.003605020592885251,1.67,14.74,7.86,24.26,5.0
iqvia,0.0600418236971967,0.003605020592885251,1.47,12.23,7.09,20.79,5.0
illinois tool works,,,4.64,9.31,6.29,20.23,
illinois tool works,,,4.27,8.87,6.44,19.56,
illinois tool works,,,4.36,9.14,6.43,19.93,
illinois tool works,,,7.0,11.78,6.52,25.29,
invesco,0.1052184308276713,0.011070918185837449,1.47,14.46,10.93,26.29,16.0
invesco,0.1052184308276713,0.011070918185837449,1.49,14.47,10.68,26.13,16.0
invesco,0.1052184308276713,0.011070918185837449,1.8,12.93,10.41,25.14,16.0
johnson controls,,,6.0,5.12,7.37,18.3,
johnson controls,,,6.25,4.73,6.76,17.74,
johnson controls,,,8.03,2.53,6.02,16.57,
johnson controls,,,5.13,3.43,5.31,13.87,
johnson & johnson,0.1127935129712198,0.012722376568388729,1.3,22.35,11.73,35.54,17.0
johnson & johnson,0.1127935129712198,0.012722376568388729,1.29,21.19,11.44,33.92,17.0
johnson & johnson,0.1127935129712198,0.012722376568388729,0.74,19.89,9.29,29.92,17.0
johnson & johnson,0.1127935129712198,0.012722376568388729,0.74,16.53,8.54,25.82,17.0
jpmorgan chase,0.0939246222766368,0.008821834669808896,1.16,12.27,9.65,22.95,22.0
jpmorgan chase,0.0939246222766368,0.008821834669808896,1.16,11.98,9.05,22.18,22.0
jpmorgan chase,0.0939246222766368,0.008821834669808896,1.07,16.13,10.74,27.94,22.0
jpmorgan chase,0.0939246222766368,0.008821834669808896,1.11,16.32,11.65,29.08,22.0
kimberly-clark,0.0916080509899787,0.008392035006182538,7.59,7.46,6.79,21.85,5.0
kimberly-clark,0.0916080509899787,0.008392035006182538,7.87,7.28,6.92,22.06,5.0
kimberly-clark,0.0916080509899787,0.008392035006182538,8.11,7.22,6.83,22.16,5.0
kinder morgan,0.1285022651035723,0.016512832136748774,10.83,10.18,4.44,25.31,3.0
kinder morgan,0.1285022651035723,0.016512832136748774,9.23,9.5,4.24,22.97,3.0
kinder morgan,0.1285022651035723,0.016512832136748774,8.55,6.06,3.82,18.43,3.0
nyse,,,0.14,9.09,4.2,13.45,
nyse,,,0.11,8.7,4.17,12.98,
nyse,,,0.08,7.92,3.98,11.97,
nyse,,,0.09,8.02,3.99,12.1,
leidos,0.1099901764901764,0.012097838924340153,1.22,12.94,7.09,21.09,1.0
leidos,0.1099901764901764,0.012097838924340153,1.19,13.15,6.94,20.97,1.0
leidos,0.1099901764901764,0.012097838924340153,1.21,12.51,6.71,20.42,1.0
labcorp,0.1167032316055961,0.013619644267189406,0.74,9.63,7.56,17.93,5.0
labcorp,0.1167032316055961,0.013619644267189406,0.67,7.67,6.96,15.3,5.0
labcorp,0.1167032316055961,0.013619644267189406,0.51,10.26,7.31,18.08,5.0
labcorp,0.1167032316055961,0.013619644267189406,0.28,12.13,6.86,19.27,5.0
lockheed martin,0.0961229399320527,0.009239619581181012,7.35,16.61,7.53,31.29,21.0
lockheed martin,0.0961229399320527,0.009239619581181012,7.22,16.05,7.25,30.52,21.0
lockheed martin,0.0961229399320527,0.009239619581181012,5.27,15.81,7.63,28.7,21.0
lockheed martin,0.0961229399320527,0.009239619581181012,5.27,15.93,7.34,28.53,21.0
southwest airlines,0.1120229133822564,0.012549133122648519,10.04,15.43,5.98,31.44,11.0
southwest airlines,0.1120229133822564,0.012549133122648519,11.29,14.89,6.21,32.39,11.0
las vegas sands,0.1222048320778604,0.014934020983178057,1.64,9.84,8.49,20.0,7.0
las vegas sands,0.1222048320778604,0.014934020983178057,1.59,9.19,8.18,18.96,7.0
las vegas sands,0.1222048320778604,0.014934020983178057,1.81,8.1,8.66,18.56,7.0
las vegas sands,0.1222048320778604,0.014934020983178057,1.39,7.83,8.54,17.77,7.0
lyondellbasell,0.14248778998779,0.020302770295604546,16.23,2.75,7.35,25.97,1.0
lyondellbasell,0.14248778998779,0.020302770295604546,15.94,2.8,7.1,25.84,1.0
lyondellbasell,0.14248778998779,0.020302770295604546,16.35,2.88,7.1,26.33,1.0
lyondellbasell,0.14248778998779,0.020302770295604546,16.64,2.13,6.02,24.79,1.0
mid-america apartment communities,,,5.58,7.03,6.29,18.91,
mid-america apartment communities,,,5.75,7.02,5.96,18.73,
mid-america apartment communities,,,6.03,7.12,5.61,18.76,
medtronic,0.1410099189005439,0.019883797228337968,2.48,13.41,9.96,25.88,2.0
medtronic,0.1410099189005439,0.019883797228337968,2.51,13.97,9.17,25.65,2.0
medtronic,0.1410099189005439,0.019883797228337968,2.52,13.9,7.73,24.16,2.0
medtronic,0.1410099189005439,0.019883797228337968,2.37,12.88,7.64,22.9,2.0
mgm resorts,0.1325166558840192,0.01756066408668356,2.46,11.05,12.01,26.29,6.0
mgm resorts,0.1325166558840192,0.01756066408668356,2.24,11.11,11.98,25.33,6.0
mgm resorts,0.1325166558840192,0.01756066408668356,2.59,12.31,12.01,26.91,6.0
mgm resorts,0.1325166558840192,0.01756066408668356,2.34,13.01,10.83,26.16,6.0
mohawk industries,,,5.55,4.29,4.56,14.41,
mohawk industries,,,5.56,4.54,4.76,14.9,
mohawk industries,,,5.64,4.49,4.71,14.85,
mohawk industries,,,5.44,4.45,4.43,14.33,
mccormick & company,0.065162305452484,0.0042461260518828255,10.91,13.72,5.62,30.32,2.0
mccormick & company,0.065162305452484,0.0042461260518828255,10.64,15.16,6.16,31.89,2.0
mccormick & company,0.065162305452484,0.0042461260518828255,9.03,14.1,5.27,28.4,2.0
martin marietta materials,0.1584222222222222,0.02509760049382715,19.02,5.03,9.14,33.78,1.0
martin marietta materials,0.1584222222222222,0.02509760049382715,19.19,4.66,8.65,32.51,1.0
martin marietta materials,0.1584222222222222,0.02509760049382715,17.75,4.9,8.77,31.43,1.0
martin marietta materials,0.1584222222222222,0.02509760049382715,18.55,4.86,8.82,32.24,1.0
marsh mclennan,,,0.07,7.53,10.77,18.41,
marsh mclennan,,,0.09,8.06,10.8,18.93,
marsh mclennan,,,0.11,8.36,10.88,19.34,
3m,0.0789210675957418,0.006228534910451646,12.95,13.84,8.23,35.02,21.0
3m,0.0789210675957418,0.006228534910451646,12.62,13.57,7.84,34.03,21.0
3m,0.0789210675957418,0.006228534910451646,17.22,13.59,6.54,37.35,21.0
marathon petroleum,0.0932890765733903,0.00870285180791588,21.29,9.48,6.08,37.36,1.0
marathon petroleum,0.0932890765733903,0.00870285180791588,22.55,9.48,6.11,38.11,1.0
marathon petroleum,0.0932890765733903,0.00870285180791588,19.36,8.46,5.54,33.36,1.0
marathon petroleum,0.0932890765733903,0.00870285180791588,15.68,7.07,5.3,28.04,1.0
merck & co.,0.0535676364408579,0.002869491673859927,1.63,15.46,11.44,28.64,2.0
merck & co.,0.0535676364408579,0.002869491673859927,1.6,15.2,11.06,28.0,2.0
merck & co.,0.0535676364408579,0.002869491673859927,1.63,14.52,11.07,27.22,2.0
merck & co.,0.0535676364408579,0.002869491673859927,0.88,11.28,10.52,22.67,2.0
msci inc.,,,0.13,13.18,6.93,23.01,
msci inc.,,,0.41,14.45,5.74,20.6,
msci inc.,,,1.61,5.41,5.39,12.41,
m&t bank,,,2.12,12.8,12.74,27.66,
m&t bank,,,2.04,13.31,11.94,27.29,
m&t bank,,,2.2,12.77,11.19,26.16,
mettler toledo,,,0.92,6.1,5.62,12.71,
mettler toledo,,,0.92,5.21,5.76,11.9,
mettler toledo,,,0.78,5.71,5.51,12.0,
newmont,0.0862576068489846,0.007440374739313996,10.41,9.06,5.65,25.13,10.0
newmont,0.0862576068489846,0.007440374739313996,9.66,9.06,5.04,23.77,10.0
newmont,0.0862576068489846,0.007440374739313996,8.91,10.88,4.94,24.73,10.0
newmont,0.0862576068489846,0.007440374739313996,7.8,9.37,5.09,22.26,10.0
nrg energy,0.1032284067085954,0.010656103951595183,19.68,11.27,7.84,38.88,2.0
nrg energy,0.1032284067085954,0.010656103951595183,20.93,11.35,7.91,40.19,2.0
nrg energy,0.1032284067085954,0.010656103951595183,17.26,8.95,5.55,31.75,2.0
nrg energy,0.1032284067085954,0.010656103951595183,17.26,8.95,5.46,31.66,2.0
nucor,0.1415823959879754,0.02004557485369587,12.3,15.22,9.23,36.75,6.0
nucor,0.1415823959879754,0.02004557485369587,10.07,14.21,9.39,33.66,6.0
oracle corporation,0.1818181818181818,0.033057851239669415,0.44,9.8,6.69,17.39,1.0
oracle corporation,0.1818181818181818,0.033057851239669415,0.43,10.39,6.54,17.67,1.0
oracle corporation,0.1818181818181818,0.033057851239669415,0.42,10.62,6.86,17.82,1.0
oracle corporation,0.1818181818181818,0.033057851239669415,0.43,10.96,6.75,18.13,1.0
occidental petroleum,0.1220379515664478,0.014893261622534659,19.72,10.85,6.61,37.17,7.0
palo alto networks,0.0902985316139073,0.008153824811627816,0.75,7.98,5.7,14.43,11.0
pg&e corporation,0.1053181431134059,0.011091911268855847,7.55,26.87,8.49,42.54,2.0
pg&e corporation,0.1053181431134059,0.011091911268855847,7.8,26.87,8.46,43.13,2.0
pg&e corporation,0.1053181431134059,0.011091911268855847,7.73,26.55,7.91,42.18,2.0
pg&e corporation,0.1053181431134059,0.011091911268855847,8.41,20.65,6.17,35.23,2.0
progressive corporation,,,2.06,7.78,13.32,23.15,
progressive corporation,,,2.06,8.78,13.41,24.24,
progressive corporation,,,1.95,10.0,12.33,24.27,
progressive corporation,,,1.72,8.38,10.96,21.06,
pultegroup,0.0831492418119787,0.006913796413906908,7.62,8.73,5.02,21.47,3.0
pultegroup,0.0831492418119787,0.006913796413906908,7.81,9.42,4.98,22.07,3.0
pultegroup,0.0831492418119787,0.006913796413906908,7.6,8.76,4.96,21.29,3.0
packaging corporation of america,,,13.2,2.1,4.35,19.7,
packaging corporation of america,,,13.24,2.07,4.2,19.5,
packaging corporation of america,,,10.88,1.67,4.02,16.57,
packaging corporation of america,,,9.78,1.39,3.77,14.94,
pnc financial services,,,1.94,10.26,8.82,21.7,
pnc financial services,,,1.84,10.28,8.2,20.82,
pnc financial services,,,1.64,10.63,8.17,20.43,
pnc financial services,,,1.77,12.39,8.53,22.7,
pentair,0.0416666666666666,0.0017361111111111058,8.73,15.61,6.9,31.27,1.0
pentair,0.0416666666666666,0.0017361111111111058,9.49,15.52,7.05,32.06,1.0
pentair,0.0416666666666666,0.0017361111111111058,9.83,14.8,7.25,31.88,1.0
pinnacle west capital,,,11.31,9.81,5.97,27.16,
pinnacle west capital,,,11.54,10.29,6.16,28.0,
pinnacle west capital,,,12.15,9.52,6.02,27.7,
ppg industries,0.1235897030224124,0.015274414693168092,13.17,8.8,7.88,29.75,2.0
ppg industries,0.1235897030224124,0.015274414693168092,14.17,8.79,8.73,31.36,2.0
ppg industries,0.1235897030224124,0.015274414693168092,9.91,8.53,7.76,26.19,2.0
ppg industries,0.1235897030224124,0.015274414693168092,9.32,7.69,7.43,24.45,2.0
phillips 66,0.1622636512517465,0.02632949251754841,18.59,7.07,4.73,30.39,1.0
phillips 66,0.1622636512517465,0.02632949251754841,18.61,8.08,5.31,31.99,1.0
phillips 66,0.1622636512517465,0.02632949251754841,16.39,7.0,5.9,29.29,1.0
quanta services,0.029820707070707,0.0008892745701969145,9.07,16.88,12.02,37.94,1.0
quanta services,0.029820707070707,0.0008892745701969145,9.07,16.49,11.85,37.41,1.0
quanta services,0.029820707070707,0.0008892745701969145,8.79,16.88,10.5,36.17,1.0
nyse,,,23.21,11.41,9.37,43.54,
nyse,,,23.34,12.72,9.12,45.19,
nyse,,,17.0,9.81,8.85,35.65,
nyse,,,18.43,8.97,9.05,36.45,
raymond james financial,,,1.69,12.46,14.34,28.48,
raymond james financial,,,1.81,12.49,13.18,27.47,
raymond james financial,,,1.43,11.23,12.39,25.05,
raymond james financial,,,1.76,10.8,12.93,25.5,
resmed,,,4.28,12.16,10.98,27.29,
resmed,,,4.42,12.4,10.81,27.62,
resmed,,,4.1,12.5,10.57,27.17,
resmed,,,3.36,12.39,10.68,26.44,
rockwell automation,,,6.49,9.06,6.73,22.29,
rockwell automation,,,6.06,9.42,6.82,22.3,
rockwell automation,,,5.51,9.52,6.53,21.56,
republic services,0.086844548560816,0.007541975614731928,12.83,7.81,3.81,24.53,6.0
republic services,0.086844548560816,0.007541975614731928,13.04,6.95,3.79,23.78,6.0
republic services,0.086844548560816,0.007541975614731928,12.11,6.4,3.72,22.22,6.0
charles schwab corporation,0.0484698534397329,0.0023493266924691876,2.15,10.52,12.43,25.1,1.0
charles schwab corporation,0.0484698534397329,0.0023493266924691876,2.25,10.15,11.59,23.99,1.0
sherwin-williams,0.25,0.0625,13.54,11.13,6.38,31.05,1.0
sherwin-williams,0.25,0.0625,13.12,11.2,6.1,30.42,1.0
sherwin-williams,0.25,0.0625,12.62,11.06,5.79,29.46,1.0
j.m. smucker company (the),,,10.81,16.35,6.39,33.62,
j.m. smucker company (the),,,11.03,11.97,6.13,29.13,
j.m. smucker company (the),,,11.07,9.85,6.2,27.12,
j.m. smucker company (the),,,12.36,12.42,6.17,30.95,
schlumberger,0.1156220931461232,0.01336846842349079,9.92,6.51,7.37,23.78,5.0
schlumberger,0.1156220931461232,0.01336846842349079,9.97,7.0,7.31,24.28,5.0
schlumberger,0.1156220931461232,0.01336846842349079,9.07,9.18,7.08,25.33,5.0
schlumberger,0.1156220931461232,0.01336846842349079,8.1,9.16,6.27,23.53,5.0
s&p global,0.1193350818333427,0.014240861756170597,1.41,5.86,6.11,13.39,11.0
s&p global,0.1193350818333427,0.014240861756170597,1.41,6.07,5.87,13.35,11.0
s&p global,0.1193350818333427,0.014240861756170597,1.57,5.77,5.37,12.71,11.0
simon property group,0.1273410672660672,0.01621574741246105,4.26,4.8,6.71,15.73,2.0
simon property group,0.1273410672660672,0.01621574741246105,4.47,4.77,5.87,15.12,2.0
simon property group,0.1273410672660672,0.01621574741246105,5.12,4.58,5.16,14.87,2.0
simon property group,0.1273410672660672,0.01621574741246105,4.28,4.22,6.05,14.55,2.0
sempra,0.1099566911205382,0.012090473922177445,13.21,10.28,5.93,29.4,2.0
sempra,0.1099566911205382,0.012090473922177445,13.62,10.28,5.82,29.72,2.0
sempra,0.1099566911205382,0.012090473922177445,14.42,10.08,5.6,30.1,2.0
state street corporation,,,1.89,11.33,8.22,21.44,
state street corporation,,,1.72,11.85,8.32,21.89,
state street corporation,,,1.56,12.43,8.52,22.5,
state street corporation,,,1.64,11.67,8.34,21.65,
constellation brands,0.0959155266998778,0.00919978826211497,8.14,9.33,5.94,23.4,11.0
constellation brands,0.0959155266998778,0.00919978826211497,9.02,9.34,4.97,23.33,11.0
constellation brands,0.0959155266998778,0.00919978826211497,9.95,9.76,5.4,25.11,11.0
stanley black & decker,0.1150623014999528,0.01323933322646604,7.25,18.26,9.03,34.1,2.0
stanley black & decker,0.1150623014999528,0.01323933322646604,6.78,17.29,8.88,32.4,2.0
stanley black & decker,0.1150623014999528,0.01323933322646604,7.14,16.54,8.56,32.22,2.0
stanley black & decker,0.1150623014999528,0.01323933322646604,5.72,12.55,8.47,26.74,2.0
synchrony financial,0.1437682536147626,0.020669310747438694,0.17,12.83,8.7,21.7,5.0
synchrony financial,0.1437682536147626,0.020669310747438694,0.15,12.61,8.16,20.92,5.0
synchrony financial,0.1437682536147626,0.020669310747438694,0.13,12.09,7.1,19.33,5.0
stryker corporation,0.05,0.0025000000000000005,4.0,20.79,12.28,37.07,1.0
stryker corporation,0.05,0.0025000000000000005,4.46,19.57,12.05,36.08,1.0
stryker corporation,0.05,0.0025000000000000005,4.89,17.11,11.72,33.72,1.0
stryker corporation,0.05,0.0025000000000000005,4.05,14.52,11.57,30.15,1.0
sysco,0.0516217755685911,0.002664807712853989,2.51,5.92,4.56,13.04,6.0
sysco,0.0516217755685911,0.002664807712853989,2.56,5.58,4.65,12.8,6.0
sysco,0.0516217755685911,0.002664807712853989,2.36,5.03,4.48,11.87,6.0
sysco,0.0516217755685911,0.002664807712853989,2.66,4.81,4.66,12.13,6.0
transdigm group,,,12.84,17.85,8.29,38.98,
truist financial,0.1622300991567046,0.02631860507239421,2.01,13.02,10.39,25.42,1.0
nyse,,,5.39,17.81,8.15,31.47,
nyse,,,4.64,16.47,7.88,28.98,
nyse,,,4.7,16.42,7.89,29.01,
nyse,,,4.81,16.39,8.05,29.26,
target corporation,-0.0205409356725146,0.0004219300383023828,2.06,9.33,5.14,16.72,1.0
target corporation,-0.0205409356725146,0.0004219300383023828,1.95,8.3,5.16,15.41,1.0
target corporation,-0.0205409356725146,0.0004219300383023828,1.99,7.63,5.34,14.95,1.0
target corporation,-0.0205409356725146,0.0004219300383023828,2.13,7.58,5.06,14.77,1.0
tjx companies,0.0691693808836666,0.004784403251829742,2.14,7.6,5.63,15.35,3.0
tjx companies,0.0691693808836666,0.004784403251829742,2.08,7.36,5.49,14.92,3.0
tjx companies,0.0691693808836666,0.004784403251829742,2.03,7.19,5.39,14.61,3.0
tjx companies,0.0691693808836666,0.004784403251829742,1.94,7.35,5.33,14.61,3.0
"tapestry, inc.",0.1584222222222222,0.02509760049382715,1.66,6.82,5.74,14.19,1.0
"tapestry, inc.",0.1584222222222222,0.02509760049382715,1.68,6.9,5.86,14.46,1.0
"tapestry, inc.",0.1584222222222222,0.02509760049382715,1.16,7.46,5.05,13.66,1.0
travelers companies (the),,,1.55,9.07,12.95,23.58,
travelers companies (the),,,1.55,9.16,12.09,22.8,
travelers companies (the),,,1.44,8.7,11.02,21.16,
travelers companies (the),,,1.08,8.2,10.53,19.79,
tyson foods,0.1015150089851314,0.010305297049251308,14.94,13.61,14.67,42.77,17.0
tyson foods,0.1015150089851314,0.010305297049251308,14.28,14.25,13.28,41.72,17.0
tyson foods,0.1015150089851314,0.010305297049251308,15.3,15.55,12.96,43.81,17.0
tyson foods,0.1015150089851314,0.010305297049251308,12.66,13.47,10.03,36.16,17.0
textron,0.1455128205128205,0.021173980933596313,10.29,19.16,7.44,37.36,1.0
textron,0.1455128205128205,0.021173980933596313,10.6,19.61,7.36,37.85,1.0
textron,0.1455128205128205,0.021173980933596313,10.99,19.99,7.19,38.18,1.0
textron,0.1455128205128205,0.021173980933596313,9.8,18.25,7.34,35.39,1.0
"udr, inc.",,,5.74,6.91,6.06,18.73,
"udr, inc.",,,4.76,5.57,5.84,16.17,
"udr, inc.",,,3.77,4.23,5.17,13.17,
"udr, inc.",,,3.2,3.83,5.28,12.31,
universal health services,,,3.33,21.49,9.65,34.48,
universal health services,,,3.45,19.39,8.72,31.57,
unitedhealth group,0.0908234694737216,0.008248902607244039,0.03,15.1,6.01,20.94,11.0
unitedhealth group,0.0908234694737216,0.008248902607244039,0.03,14.9,5.95,20.88,11.0
unitedhealth group,0.0908234694737216,0.008248902607244039,0.03,15.16,5.79,20.99,11.0
unitedhealth group,0.0908234694737216,0.008248902607244039,0.03,11.59,5.89,17.51,11.0
united parcel service,0.1004849252792146,0.010097220208369341,5.53,9.35,6.18,21.06,3.0
united parcel service,0.1004849252792146,0.010097220208369341,5.6,9.35,5.89,20.84,3.0
united parcel service,0.1004849252792146,0.010097220208369341,4.92,9.45,5.36,19.72,3.0
u.s. bancorp,,,1.54,13.15,12.08,26.78,
valero energy,0.039675697865353,0.0015741610011027766,18.96,8.76,5.57,34.3,2.0
valero energy,0.039675697865353,0.0015741610011027766,21.93,9.9,5.41,37.25,2.0
vulcan materials company,,,18.95,4.93,8.9,33.2,
vulcan materials company,,,19.61,4.85,8.83,33.29,
vulcan materials company,,,15.18,5.17,8.59,28.93,
vulcan materials company,,,15.61,4.56,8.98,29.15,
ventas,,,4.84,4.67,4.95,14.38,
ventas,,,4.8,4.45,4.57,13.82,
ventas,,,3.4,4.03,4.71,12.14,
ventas,,,2.75,4.28,5.38,12.4,
verizon,0.0891024133885693,0.007939240071667492,1.97,11.33,6.37,19.67,24.0
verizon,0.0891024133885693,0.007939240071667492,1.71,10.2,6.14,18.05,24.0
verizon,0.0891024133885693,0.007939240071667492,3.16,9.04,5.63,17.83,24.0
verizon,0.0891024133885693,0.007939240071667492,3.74,9.59,5.39,18.73,24.0
wec energy group,,,18.46,10.5,5.74,34.46,
wec energy group,,,17.19,9.94,5.7,32.84,
wec energy group,,,17.43,9.59,5.6,32.62,
wec energy group,,,17.85,9.24,5.26,32.36,
wells fargo,0.0631380817913336,0.003986417372289131,1.16,14.57,15.3,31.07,25.0
wells fargo,0.0631380817913336,0.003986417372289131,1.15,14.17,15.41,30.72,25.0
wells fargo,0.0631380817913336,0.003986417372289131,1.24,14.89,15.4,31.53,25.0
wells fargo,0.0631380817913336,0.003986417372289131,1.94,15.4,15.51,32.84,25.0
williams companies,,,15.42,13.17,3.36,32.0,
williams companies,,,13.77,10.26,3.33,27.36,
williams companies,,,9.0,8.52,3.22,20.75,
williams companies,,,9.53,9.79,3.16,22.49,
walmart,0.0950409570464242,0.009032783516300248,3.47,19.64,8.07,30.14,38.0
walmart,0.0950409570464242,0.009032783516300248,3.7,17.6,7.34,28.66,38.0
walmart,0.0950409570464242,0.009032783516300248,3.36,17.22,6.83,27.41,38.0
walmart,0.0950409570464242,0.009032783516300248,4.4,15.79,6.31,26.49,38.0
w. r. berkley corporation,,,2.02,10.89,16.47,29.32,
w. r. berkley corporation,,,1.72,10.62,15.62,27.96,
w. r. berkley corporation,,,2.0,8.15,14.57,24.73,
exxonmobil,0.0827375725377836,0.006845505909445004,18.52,10.29,8.46,37.42,29.0
exxonmobil,0.0827375725377836,0.006845505909445004,18.64,10.16,8.46,37.27,29.0
exxonmobil,0.0827375725377836,0.006845505909445004,16.14,9.91,8.01,34.06,29.0
exxonmobil,0.0827375725377836,0.006845505909445004,18.75,10.06,8.13,36.93,29.0
xylem inc.,,,2.82,9.81,5.48,18.14,
xylem inc.,,,2.94,9.56,5.37,17.86,
xylem inc.,,,3.53,7.81,5.11,16.45,
yum! brands,0.0667932846448653,0.004461342873649998,4.1,10.86,5.39,20.36,7.0
yum! brands,0.0667932846448653,0.004461342873649998,3.35,10.55,4.58,18.48,7.0
yum! brands,0.0667932846448653,0.004461342873649998,3.82,12.39,4.5,20.72,7.0
yum! brands,0.0667932846448653,0.004461342873649998,4.25,12.13,4.74,21.12,7.0
zimmer biomet,,,3.8,18.2,12.41,34.25,
zimmer biomet,,,4.3,18.72,11.08,34.1,
zimmer biomet,,,4.74,17.84,10.35,32.94,
zoetis,0.1308967051467051,0.01713394741826345,2.72,13.98,11.49,28.19,2.0
zoetis,0.1308967051467051,0.01713394741826345,1.98,9.39,10.63,21.99,2.0
charter communications,0.1488724019036519,0.022162992048562456,2.53,9.1,7.97,19.65,1.0
charter communications,0.1488724019036519,0.022162992048562456,2.22,9.86,7.89,19.97,1.0
charter communications,0.1488724019036519,0.022162992048562456,2.65,10.84,8.08,21.57,1.0
charter communications,0.1488724019036519,0.022162992048562456,5.57,13.1,7.76,26.43,1.0
abbott laboratories,,,3.02,15.68,10.4,29.1,
abbott laboratories,,,3.02,15.68,10.4,29.1,
equifax,0.0772103470926554,0.005961437698168319,0.16,18.63,6.95,25.73,7.0
motorola solutions,0.39,0.1521,1.4,8.98,5.48,15.46,2.0
motorola solutions,0.39,0.1521,1.4,8.55,5.48,15.21,2.0
